{
  "version": 2,
  "framework": null,
  "functions": {
    "api/index.php": { "runtime": "vercel-php@0.6.0" }
  },
  "routes": [
    { "src": "/build/(.*)", "dest": "/public/build/$1" },
    { "src": "/(.*)", "dest": "/api/index.php" }
  ],
  "public": true,
  "buildCommand": "npm run build",
  "outputDirectory": "public",
  "env": {
    "APP_NAME": "Laravel",
    "APP_ENV": "production",
    "APP_KEY": "base64:7yWtcjHglRokHHQ3RynYFHZdvFUuEVxmiuXl97PZxWk=",
    "APP_DEBUG": "false",
    "APP_URL": "https://your-production-url.vercel.app",

    "APP_LOCALE": "en",
    "APP_FALLBACK_LOCALE": "en",

    "LOG_CHANNEL": "stderr",
    "LOG_LEVEL": "error",

    "CACHE_DRIVER": "array",
    "SESSION_DRIVER": "cookie",
    "QUEUE_CONNECTION": "sync",
    "FILESYSTEM_DISK": "local",

    "VIEW_COMPILED_PATH": "/tmp",
    "APP_CONFIG_CACHE": "/tmp/config.php",
    "APP_EVENTS_CACHE": "/tmp/events.php",
    "APP_PACKAGES_CACHE": "/tmp/packages.php",
    "APP_ROUTES_CACHE": "/tmp/routes.php",
    "APP_SERVICES_CACHE": "/tmp/services.php",

    "DB_CONNECTION": "mysql",
    "DB_HOST": "4gg.h.filess.io",
    "DB_PORT": "3306",
    "DB_DATABASE": "db2024_stormtorn",
    "DB_USERNAME": "db2024_stormtorn",
    "DB_PASSWORD": "homefinder321"
  }
}
